<wpml-config>
    <custom-fields>
        <custom-field action="copy">custom-page-sub-title</custom-field>
        <custom-field action="copy">custom-page-title</custom-field>
        <custom-field action="copy">custom-page-title-style</custom-field>
        <custom-field action="copy">dribbble_url</custom-field>
        <custom-field action="copy">email</custom-field>
        <custom-field action="copy">face_url</custom-field>
        <custom-field action="copy">footer-layout</custom-field>
        <custom-field action="copy">google_url</custom-field>
        <custom-field action="copy">header-layout</custom-field>
        <custom-field action="copy">hide-page-title</custom-field>
        <custom-field action="copy">job</custom-field>
        <custom-field action="copy">layout-style</custom-field>
        <custom-field action="copy">linkedin_url</custom-field>
        <custom-field action="copy">page-layout</custom-field>
        <custom-field action="copy">phone</custom-field>
        <custom-field action="copy">portfolio-client</custom-field>
        <custom-field action="copy">portfolio-format-gallery</custom-field>
        <custom-field action="copy">portfolio_detail_style</custom-field>
        <custom-field action="copy">post-format-audio</custom-field>
        <custom-field action="copy">post-format-gallery</custom-field>
        <custom-field action="copy">post-format-video</custom-field>
        <custom-field action="copy">slide_template</custom-field>
        <custom-field action="copy">total_sales</custom-field>
        <custom-field action="copy">twitter_url</custom-field>
        <custom-field action="copy">use-custom-layout</custom-field>
        <custom-field action="copy">vc_teaser</custom-field>
        <custom-field action="copy">zorka_product_new</custom-field>
        <custom-field action="copy">_additional_settings</custom-field>
        <custom-field action="copy">_backorders</custom-field>
        <custom-field action="copy">_crosssell_ids</custom-field>
        <custom-field action="copy">_default_attributes</custom-field>
        <custom-field action="copy">_deprecated_log_deprecated</custom-field>
        <custom-field action="copy">_deprecated_log_in_file</custom-field>
        <custom-field action="copy">_deprecated_log_message</custom-field>
        <custom-field action="copy">_deprecated_log_meta</custom-field>
        <custom-field action="copy">_deprecated_log_on_line</custom-field>
        <custom-field action="copy">_deprecated_log_type</custom-field>
        <custom-field action="copy">_deprecated_log_version</custom-field>
        <custom-field action="copy">_downloadable</custom-field>
        <custom-field action="copy">_downloadable_files</custom-field>
        <custom-field action="copy">_download_expiry</custom-field>
        <custom-field action="copy">_download_limit</custom-field>
        <custom-field action="copy">_download_type</custom-field>
        <custom-field action="copy">_featured</custom-field>
        <custom-field action="copy">_file_paths</custom-field>
        <custom-field action="copy">_form</custom-field>
        <custom-field action="copy">_height</custom-field>
        <custom-field action="copy">_length</custom-field>
        <custom-field action="copy">_locale</custom-field>
        <custom-field action="copy">_mail</custom-field>
        <custom-field action="copy">_mail_2</custom-field>
        <custom-field action="copy">_manage_stock</custom-field>
        <custom-field action="copy">_max_price_variation_id</custom-field>
        <custom-field action="copy">_max_regular_price_variation_id</custom-field>
        <custom-field action="copy">_max_sale_price_variation_id</custom-field>
        <custom-field action="copy">_max_variation_price</custom-field>
        <custom-field action="copy">_max_variation_regular_price</custom-field>
        <custom-field action="copy">_max_variation_sale_price</custom-field>
        <custom-field action="copy">_menu-item-g5plus-bg-image</custom-field>
        <custom-field action="copy">_menu-item-g5plus-bg-image-attr-attachment</custom-field>
        <custom-field action="copy">_menu-item-g5plus-bg-image-attr-position</custom-field>
        <custom-field action="copy">_menu-item-g5plus-bg-image-attr-repeat</custom-field>
        <custom-field action="copy">_menu-item-g5plus-bg-image-attr-size</custom-field>
        <custom-field action="copy">_menu-item-g5plus-disable-link</custom-field>
        <custom-field action="copy">_menu-item-g5plus-dropdown-element</custom-field>
        <custom-field action="copy">_menu-item-g5plus-hide-text-menu</custom-field>
        <custom-field action="copy">_menu-item-g5plus-icon</custom-field>
        <custom-field action="copy">_menu-item-g5plus-is-search-button</custom-field>
        <custom-field action="copy">_menu-item-g5plus-menu-grid</custom-field>
        <custom-field action="copy">_menu-item-g5plus-menu-layout</custom-field>
        <custom-field action="copy">_menu-item-g5plus-sub-menu-type</custom-field>
        <custom-field action="copy">_menu_item_classes</custom-field>
        <custom-field action="copy">_menu_item_menu_item_parent</custom-field>
        <custom-field action="copy">_menu_item_object</custom-field>
        <custom-field action="copy">_menu_item_object_id</custom-field>
        <custom-field action="copy">_menu_item_orphaned</custom-field>
        <custom-field action="copy">_menu_item_target</custom-field>
        <custom-field action="copy">_menu_item_type</custom-field>
        <custom-field action="copy">_menu_item_url</custom-field>
        <custom-field action="copy">_menu_item_xfn</custom-field>
        <custom-field action="copy">_menu_item_xmenu_config</custom-field>
        <custom-field action="copy">_messages</custom-field>
        <custom-field action="copy">_min_price_variation_id</custom-field>
        <custom-field action="copy">_min_regular_price_variation_id</custom-field>
        <custom-field action="copy">_min_sale_price_variation_id</custom-field>
        <custom-field action="copy">_min_variation_price</custom-field>
        <custom-field action="copy">_min_variation_regular_price</custom-field>
        <custom-field action="copy">_min_variation_sale_price</custom-field>
        <custom-field action="copy">_price</custom-field>
        <custom-field action="copy">_product_attributes</custom-field>
        <custom-field action="copy">_product_image_gallery</custom-field>
        <custom-field action="copy">_purchase_note</custom-field>
        <custom-field action="copy">_regular_price</custom-field>
        <custom-field action="copy">_sale_price</custom-field>
        <custom-field action="copy">_sale_price_dates_from</custom-field>
        <custom-field action="copy">_sale_price_dates_to</custom-field>
        <custom-field action="copy">_sku</custom-field>
        <custom-field action="copy">_sold_individually</custom-field>
        <custom-field action="copy">_stock</custom-field>
        <custom-field action="copy">_stock_status</custom-field>
        <custom-field action="copy">_tax_class</custom-field>
        <custom-field action="copy">_tax_status</custom-field>
        <custom-field action="copy">_upsell_ids</custom-field>
        <custom-field action="copy">_vc_post_settings</custom-field>
        <custom-field action="copy">_virtual</custom-field>
        <custom-field action="copy">_visibility</custom-field>
        <custom-field action="copy">_weight</custom-field>
        <custom-field action="copy">_width</custom-field>
        <custom-field action="copy">_wpb_shortcodes_custom_css</custom-field>
        <custom-field action="copy">_wpb_vc_js_status</custom-field>
        <custom-field action="copy">_wp_old_slug</custom-field>
        <custom-field action="copy">_wp_trash_meta_comments_status</custom-field>
        <custom-field action="copy">_wp_trash_meta_status</custom-field>
        <custom-field action="copy">_wp_trash_meta_time</custom-field>
    </custom-fields>
    <custom-types>
        <custom-type translate="1">our-team</custom-type>
        <custom-type translate="1">testimonial</custom-type>
        <custom-type translate="1">portfolio</custom-type>
        <custom-type translate="1">wpcf7_contact_form</custom-type>
        <custom-type translate="1">vc_grid_item</custom-type>
        <custom-type translate="1">product</custom-type>
    </custom-types>
    <taxonomies>
       <taxonomy translate="1">product_type</taxonomy>
       <taxonomy translate="1">product_cat</taxonomy>
       <taxonomy translate="1">product_tag</taxonomy>
       <taxonomy translate="1">product_shipping_class</taxonomy>
       <taxonomy translate="1">portfolio-category</taxonomy>
    </taxonomies>    
    <admin-texts>
       
    </admin-texts>    
    <language-switcher-settings>
        <key name="icl_lang_sel_config">
            <key name="font-current-normal">#444444</key>
            <key name="font-current-hover">#000000</key>
            <key name="background-current-normal">#ffffff</key>
            <key name="background-current-hover">#eeeeee</key>
            <key name="font-other-normal">#444444</key>
            <key name="font-other-hover">#000000</key>
            <key name="background-other-normal">#ffffff</key>
            <key name="background-other-hover">#eeeeee</key>
            <key name="border">#cdcdcd</key>
        </key>
        <key name="icl_lang_sel_footer_config">
            <key name="font-current-normal">#444444</key>
            <key name="font-current-hover">#000000</key>
            <key name="background-current-normal">#ffffff</key>
            <key name="background-current-hover">#eeeeee</key>
            <key name="font-other-normal">#444444</key>
            <key name="font-other-hover">#000000</key>
            <key name="background-other-normal">#ffffff</key>
            <key name="background-other-hover">#eeeeee</key>
            <key name="border">#cdcdcd</key>
        </key>    
        <key name="icl_language_switcher_sidebar">0</key>  
        <key name="icl_widget_title_show">0</key>
        <key name="icl_lang_sel_type">dropdown</key>
        <key name="icl_lso_link_empty">0</key>
        <key name="icl_lso_flags">0</key>
        <key name="icl_lso_native_lang">1</key>
        <key name="icl_lso_display_lang">1</key>
        <key name="icl_lang_sel_footer">0</key>
        <key name="icl_post_availability">0</key>
        <key name="icl_post_availability_position">below</key>
        <key name="icl_post_availability_text">This post is also available in: %s</key>    
    </language-switcher-settings>    
</wpml-config>


