{"nav_menu":{"company":"60","footer-menu":"26","help-menu":"37","left-menu":"93","mainmenu":"54","policies-menu":"38","quick-link":"64","xmenu":"65"},"product_cat":{"accessories":"58","accessories-men":"72","autumn-collection":"62","backpacks":"82","boat-shoes":"71","boys":"78","brand-watch":"73","briefcase":"83","clothing":"30","clothing-kid":"75","clothings-boy":"80","collections":"36","fashions":"32","fashion-waist-packs":"84","hanbags-wallets":"59","hat":"76","hoodies":"31","jean-men":"61","jewelry":"69","jewelry-diamond":"63","kids":"74","laptop-bags":"85","luggage-travel-gear":"81","men":"70","posters":"33","shoes":"67","shoes-kid":"77","shoes-boy":"79","singles":"34","t-shirts":"35","watches":"68","women":"66"},"category":{"blogs":"55","fashion":"6","vacation":"19"},"page":{"page_for_posts":"785","page_on_front":"1247"},"page-slug":{"blog-posts":"785","landing":"1247","product-03":"598","product-05":"627","product-22":"661","cat_2":"743","product-17":"648","product-23":"662","product-09":"630","product-16":"647","product-08":"600","product-12":"633","product-18":"649","product-02":"594"},"tax-meta-class":{"tax_meta_30":"a:1:{s:35:\"zorka_custom_product_archive_layout\";s:4:\"none\";}","tax_meta_32":"a:1:{s:35:\"zorka_custom_product_archive_layout\";s:4:\"none\";}","tax_meta_33":"a:1:{s:35:\"zorka_custom_product_archive_layout\";s:4:\"none\";}","tax_meta_34":"a:2:{s:34:\"zorka_custom_page_title_background\";a:2:{s:2:\"id\";s:4:\"1074\";s:3:\"url\";s:69:\"http:\/\/themes.g5plus.net\/zorka\/wp-content\/uploads\/2015\/03\/blog-07.jpg\";}s:35:\"zorka_custom_product_archive_layout\";s:4:\"none\";}","tax_meta_58":"a:1:{s:35:\"zorka_custom_product_archive_layout\";s:4:\"none\";}","tax_meta_59":"a:1:{s:35:\"zorka_custom_product_archive_layout\";s:4:\"none\";}","tax_meta_61":"a:1:{s:35:\"zorka_custom_product_archive_layout\";s:4:\"none\";}","tax_meta_66":"a:1:{s:35:\"zorka_custom_product_archive_layout\";s:4:\"none\";}","tax_meta_67":"a:1:{s:35:\"zorka_custom_product_archive_layout\";s:4:\"none\";}","tax_meta_68":"a:1:{s:35:\"zorka_custom_product_archive_layout\";s:4:\"none\";}","tax_meta_71":"a:1:{s:35:\"zorka_custom_product_archive_layout\";s:4:\"none\";}","tax_meta_72":"a:1:{s:35:\"zorka_custom_product_archive_layout\";s:4:\"none\";}","tax_meta_75":"a:1:{s:35:\"zorka_custom_product_archive_layout\";s:4:\"none\";}","tax_meta_76":"a:1:{s:35:\"zorka_custom_product_archive_layout\";s:4:\"none\";}","tax_meta_79":"a:1:{s:35:\"zorka_custom_product_archive_layout\";s:4:\"none\";}","tax_meta_80":"a:1:{s:35:\"zorka_custom_product_archive_layout\";s:4:\"none\";}","tax_meta_82":"a:1:{s:35:\"zorka_custom_product_archive_layout\";s:4:\"none\";}","tax_meta_85":"a:1:{s:35:\"zorka_custom_product_archive_layout\";s:4:\"none\";}"},"woocommerce_termmeta":{"30":"598","35":"627","31":"661","32":"743","36":"648","34":"662","33":"630","58":"647","59":"600","61":"633","62":"649","63":"594","66":"0","67":"0","68":"0","69":"0","70":"0","71":"0","72":"0","73":"0","74":"0","75":"0","76":"0","77":"0","78":"0","79":"0","80":"0","81":"0","82":"0","83":"0","84":"0","85":"0"}}